{
    "loss": 2.1696462631225586,
    "accuracy": 0.8793103694915771
}